First Name,Last Name,Email Address
Nikita,Deshpande,ndeshpande36@gatech.edu
Vivek,Pai,vpai30@gatech.edu
Nina,Qin,qin@gatech.edu
Shelley,Ling,sling31@gatech.edu
Saman,Khorasi,samankhorasi@gatech.edu
Manas,Chakka,manaschakka@gatech.edu
Joshua,Philipose,joshuaphilipose@gatech.edu
Tanvi,Dange,tdange3@gatech.edu
Andzoa,Jamus,ajamus3@gatech.edu
Izgin,Ozdas,izginozdas@gatech.edu
asd,asdf,No entry found
